Workbook
Name Lista_Areas: Configurações!$E$4:$E$19
Name Lista_Interferencia: Configurações!$C$4:$C$8
Name Lista_Nivel: Configurações!$B$4:$B$7
Name Lista_Status: Configurações!$A$4:$A$9

Sheet Painel Executivo
B1: PAINEL EXECUTIVO — PLANEJAMENTO CROSS-ÁREAS
B3: TOTAL DE INICIATIVAS | E3: EM ABERTO | H3: PRIORIDADE CRÍTICA | K3: PRAZOS EM RISCO
B4: =COUNTA(tbPlanoEstrategico[ID]) -> 2 | E4: =COUNTIFS(tbPlanoEstrategico[ID],"<>",tbPlanoEstrategico[Status],"<>Concluído") -> 2 | H4: =COUNTIF(tbPlanoEstrategico[Prioridade],"Crítico") -> 0 | K4: =COUNTIF(tbPlanoEstrategico[Farol],"Vermelho") -> 0
B7: HISTÓRIA EM RESUMO
B8: ="O planejamento possui "&COUNTA(tbPlanoEstrategico[ID])&" iniciativas, das quais "&COUNTIFS(tbPlanoEstrategico[ID],"<>",tbPlanoEstrategico[Status],"<>Concluído")&" estão em aberto. Há "&COUNTIF(tbPlanoEstrategico[Prioridade],"Crítico")&" item(ns) de prioridade crítica e "&COUNTIF(tbPlanoEstrategico[Farol],"Vermelho")&" prazo(s) vencido(s). Use o score para ordenar a execução e Dependências para coordenar os handoffs entre áreas." -> O planejamento possui 2 iniciativas, das quais 2 estão em aberto. Há 0 item(ns) de prioridade crítica e 0 prazo(s) vencido(s). Use o score para ordenar a execução e Dependências para coordenar os handoffs entre áreas.
B12: Status | C12: Quantidade | E12: Prioridade | F12: Quantidade | H12: Área líder | I12: Quantidade
B13: Não iniciado | C13: =COUNTIF(tbPlanoEstrategico[Status],B13) -> 3 | E13: Crítico | F13: =COUNTIF(tbPlanoEstrategico[Prioridade],E13) -> 0 | H13: =Configurações!E4 -> Faturamento | I13: =COUNTIF(tbPlanoEstrategico[Área líder],H13) -> 2
B14: Em análise | C14: =COUNTIF(tbPlanoEstrategico[Status],B14) -> 0 | E14: Alto | F14: =COUNTIF(tbPlanoEstrategico[Prioridade],E14) -> 0 | H14: =Configurações!E5 -> CX | I14: =COUNTIF(tbPlanoEstrategico[Área líder],H14) -> 0
B15: Planejado | C15: =COUNTIF(tbPlanoEstrategico[Status],B15) -> 0 | E15: Médio | F15: =COUNTIF(tbPlanoEstrategico[Prioridade],E15) -> 1 | H15: =Configurações!E6 -> Operações | I15: =COUNTIF(tbPlanoEstrategico[Área líder],H15) -> 0
B16: Em andamento | C16: =COUNTIF(tbPlanoEstrategico[Status],B16) -> 0 | E16: Baixo | F16: =COUNTIF(tbPlanoEstrategico[Prioridade],E16) -> 1 | H16: =Configurações!E7 -> Setor de cadastro | I16: =COUNTIF(tbPlanoEstrategico[Área líder],H16) -> 0
B17: Bloqueado | C17: =COUNTIF(tbPlanoEstrategico[Status],B17) -> 0 | H17: =Configurações!E8 -> Tecnologia | I17: =COUNTIF(tbPlanoEstrategico[Área líder],H17) -> 0
B18: Concluído | C18: =COUNTIF(tbPlanoEstrategico[Status],B18) -> 0 | H18: =Configurações!E9 -> Financeiro | I18: =COUNTIF(tbPlanoEstrategico[Área líder],H18) -> 0

Sheet Plano Estratégico
A1: ID | B1: Área líder | C1: Área impactada | D1: Descrição do problema | E1: Prévia da solução | F1: Tipo de interferência | G1: Impacto | H1: Urgência | I1: Esforço | J1: Score | K1: Prioridade | L1: Status | M1: Responsável | N1: Início | O1: Prazo | P1: Meta | Q1: Próxima ação | R1: Última atualização | S1: Farol
A2: =IF(tbPlanoEstrategico[[#This Row],[Área líder]]="","","P.E-"&TEXT(ROW()-1,"000")) -> P.E-001 | B2: Faturamento | C2: CX e Operações | D2: * Quando há UC's com mais de 3 meses sem faturas para análise do demonstrativo de saldo. * Tem que achar a fatura e notificar as partes de direito para entender os motivos de não se ter as faturas. * Atualmente é estimado os saldos quando não se tem essa visibilidade em até 3 meses. | E2: Pelo farol do B.U.R ver quais UC's estão a mais de 3 meses sem fatura, entender qual é a distribuidora e conversar com o setor de relacionamento com distribuidora para encontrar a solução | F2: Sistema / Dados | G2: 5 | H2: 2 | I2: 3 | J2: =IF(OR(tbPlanoEstrategico[[#This Row],[Impacto]]="",tbPlanoEstrategico[[#This Row],[Urgência]]="",tbPlanoEstrategico[[#This Row],[Esforço]]=""),"",tbPlanoEstrategico[[#This Row],[Impacto]]*tbPlanoEstrategico[[#This Row],[Urgência]]*(6-tbPlanoEstrategico[[#This Row],[Esforço]])) -> 30 | K2: =IF(tbPlanoEstrategico[[#This Row],[Score]]="","",IF(tbPlanoEstrategico[[#This Row],[Score]]>=80,"Crítico",IF(tbPlanoEstrategico[[#This Row],[Score]]>=45,"Alto",IF(tbPlanoEstrategico[[#This Row],[Score]]>=20,"Médio","Baixo")))) -> Médio | L2: Não iniciado | S2: =IF(tbPlanoEstrategico[[#This Row],[Status]]="Concluído","Verde",IF(tbPlanoEstrategico[[#This Row],[Prazo]]="","Cinza",IF(tbPlanoEstrategico[[#This Row],[Prazo]]<TODAY(),"Vermelho",IF(tbPlanoEstrategico[[#This Row],[Prazo]]<=TODAY()+7,"Amarelo","Verde")))) -> Cinza
A3: =IF(tbPlanoEstrategico[[#This Row],[Área líder]]="","","P.E-"&TEXT(ROW()-1,"000")) -> P.E-002 | B3: Faturamento | C3: Setor de cadastro | D3: UC's em duplicidades contaminam a base do CRM | E3: Mandar a relação de UC's em duplicidade que serão extraidas pelo B.U.R para o setor de cadastro e monitorar retiradas via KPI's mensais | F3: Sistema / Dados | G3: 1 | H3: 2 | I3: 1 | J3: =IF(OR(tbPlanoEstrategico[[#This Row],[Impacto]]="",tbPlanoEstrategico[[#This Row],[Urgência]]="",tbPlanoEstrategico[[#This Row],[Esforço]]=""),"",tbPlanoEstrategico[[#This Row],[Impacto]]*tbPlanoEstrategico[[#This Row],[Urgência]]*(6-tbPlanoEstrategico[[#This Row],[Esforço]])) -> 10 | K3: =IF(tbPlanoEstrategico[[#This Row],[Score]]="","",IF(tbPlanoEstrategico[[#This Row],[Score]]>=80,"Crítico",IF(tbPlanoEstrategico[[#This Row],[Score]]>=45,"Alto",IF(tbPlanoEstrategico[[#This Row],[Score]]>=20,"Médio","Baixo")))) -> Baixo | L3: Não iniciado | S3: =IF(tbPlanoEstrategico[[#This Row],[Status]]="Concluído","Verde",IF(tbPlanoEstrategico[[#This Row],[Prazo]]="","Cinza",IF(tbPlanoEstrategico[[#This Row],[Prazo]]<TODAY(),"Vermelho",IF(tbPlanoEstrategico[[#This Row],[Prazo]]<=TODAY()+7,"Amarelo","Verde")))) -> Cinza
J4: =IF(OR(tbPlanoEstrategico[[#This Row],[Impacto]]="",tbPlanoEstrategico[[#This Row],[Urgência]]="",tbPlanoEstrategico[[#This Row],[Esforço]]=""),"",tbPlanoEstrategico[[#This Row],[Impacto]]*tbPlanoEstrategico[[#This Row],[Urgência]]*(6-tbPlanoEstrategico[[#This Row],[Esforço]])) | K4: =IF(tbPlanoEstrategico[[#This Row],[Score]]="","",IF(tbPlanoEstrategico[[#This Row],[Score]]>=80,"Crítico",IF(tbPlanoEstrategico[[#This Row],[Score]]>=45,"Alto",IF(tbPlanoEstrategico[[#This Row],[Score]]>=20,"Médio","Baixo")))) | L4: Não iniciado | S4: =IF(tbPlanoEstrategico[[#This Row],[Status]]="Concluído","Verde",IF(tbPlanoEstrategico[[#This Row],[Prazo]]="","Cinza",IF(tbPlanoEstrategico[[#This Row],[Prazo]]<TODAY(),"Vermelho",IF(tbPlanoEstrategico[[#This Row],[Prazo]]<=TODAY()+7,"Amarelo","Verde")))) -> Cinza
J5: =IF(OR(tbPlanoEstrategico[[#This Row],[Impacto]]="",tbPlanoEstrategico[[#This Row],[Urgência]]="",tbPlanoEstrategico[[#This Row],[Esforço]]=""),"",tbPlanoEstrategico[[#This Row],[Impacto]]*tbPlanoEstrategico[[#This Row],[Urgência]]*(6-tbPlanoEstrategico[[#This Row],[Esforço]])) | K5: =IF(tbPlanoEstrategico[[#This Row],[Score]]="","",IF(tbPlanoEstrategico[[#This Row],[Score]]>=80,"Crítico",IF(tbPlanoEstrategico[[#This Row],[Score]]>=45,"Alto",IF(tbPlanoEstrategico[[#This Row],[Score]]>=20,"Médio","Baixo")))) | S5: =IF(tbPlanoEstrategico[[#This Row],[Status]]="Concluído","Verde",IF(tbPlanoEstrategico[[#This Row],[Prazo]]="","Cinza",IF(tbPlanoEstrategico[[#This Row],[Prazo]]<TODAY(),"Vermelho",IF(tbPlanoEstrategico[[#This Row],[Prazo]]<=TODAY()+7,"Amarelo","Verde")))) -> Cinza

Sheet Configurações
A1: CONFIGURAÇÕES DO PLANEJAMENTO
A3: Status | B3: Nível | C3: Tipo de interferência | D3: Farol | E3: Áreas | F3: Regra de prioridade | G3: Limite mínimo | H3: Descrição
A4: Não iniciado | B4: Baixo | C4: Processo | D4: Verde | E4: Faturamento | F4: Crítico | G4: 80 | H4: Alta combinação de impacto e urgência com menor esforço
A5: Em análise | B5: Médio | C5: Sistema / Dados | D5: Amarelo | E5: CX | F5: Alto | G5: 45 | H5: Deve entrar no ciclo prioritário de execução
A6: Planejado | B6: Alto | C6: Pessoas | D6: Vermelho | E6: Operações | F6: Médio | G6: 20 | H6: Planejar após os itens críticos e altos
A7: Em andamento | B7: Crítico | C7: Governança | D7: Cinza | E7: Setor de cadastro | F7: Baixo | G7: 0 | H7: Manter no backlog e revisar periodicamente
A8: Bloqueado | C8: Fornecedor / Terceiro | E8: Tecnologia
A9: Concluído | E9: Financeiro
A11: Escalas: Leia-se: Impacto = Quanto a iniciativa ajuda o negócio; Urgência = Quão rápido precisa ser resolvida; Esforço = Quanto recurso/tempo ela consome. Sendo: Impacto * Urgência * (6 - Esforço) Então: Esforço baixo: aumenta o score Esforço alto: reduz o score Isso evita que itens muito trabalhosos ganhem prioridade acima de iniciativas mais “eficientes” ou de maior retorno. Impacto e Urgência aumentam o score; Esforço reduz o score. Use 1 (baixo) a 5 (alto).
